{
    "accuracy": 0.9991748885221726,
    "precision": 0.7475728155339806,
    "recall": 0.7857142857142857,
    "f1_score": 0.7661691542288557,
    "roc_auc": 0.9701943699539466
}