{
    "accuracy": 0.9991573329588147,
    "precision": 0.7450980392156863,
    "recall": 0.7755102040816326,
    "f1_score": 0.76,
    "roc_auc": 0.9936798720613739
}