{
    "accuracy": 0.9995435553526912,
    "precision": 0.9,
    "recall": 0.826530612244898,
    "f1_score": 0.8617021276595744,
    "roc_auc": 0.9743351124918173
}