{
    "accuracy": 0.9995259997893332,
    "precision": 0.8901098901098901,
    "recall": 0.826530612244898,
    "f1_score": 0.8571428571428571,
    "roc_auc": 0.9838212261550652
}